sf__Id,sf__Error,Id,Aadhaar__c,Mobile__c,Email__c,Aadhar_No_Last_4_digits__c
,CANNOT_INSERT_UPDATE_ACTIVATE_ENTITY:ApplicantTrigger: System.LimitException: Apex CPU time limit exceeded:--,a0I2u000000bcNFEAY,,700-987-6624,a00bfae0c0un0i200y@sfdc.co,
,CANNOT_INSERT_UPDATE_ACTIVATE_ENTITY:ApplicantTrigger: System.LimitException: Apex CPU time limit exceeded:--,a0I2u000000bcNKEAY,,260-732-3728,0a00cu0iy0a2b0e0kn@sfdc.co,
,CANNOT_INSERT_UPDATE_ACTIVATE_ENTITY:ApplicantTrigger: System.LimitException: Apex CPU time limit exceeded:--,a0I2u000000bcNPEAY,,292-711-1752,bp000eay000n0ui2ac@sfdc.co,
,CANNOT_INSERT_UPDATE_ACTIVATE_ENTITY:ApplicantTrigger: System.LimitException: Apex CPU time limit exceeded:--,a0I2u000000bcNUEAY,,162-605-8942,bc0aye0u2a0ni00u00@sfdc.co,
,CANNOT_INSERT_UPDATE_ACTIVATE_ENTITY:ApplicantTrigger: System.LimitException: Apex CPU time limit exceeded:--,a0I2u000000bcNZEAY,,983-121-8888,,
,CANNOT_INSERT_UPDATE_ACTIVATE_ENTITY:ApplicantTrigger: System.LimitException: Apex CPU time limit exceeded:--,a0I2u000000bcNjEAI,XIkcu,660-724-2462,i000icae0ajub02n00@sfdc.co,
,CANNOT_INSERT_UPDATE_ACTIVATE_ENTITY:ApplicantTrigger: System.LimitException: Apex CPU time limit exceeded:--,a0I2u000000bcNoEAI,,700-855-6821,00a0i0ubc0e00naoi2@sfdc.co,
,CANNOT_INSERT_UPDATE_ACTIVATE_ENTITY:ApplicantTrigger: System.LimitException: Apex CPU time limit exceeded:--,a0I2u000000bcNtEAI,,778-227-1753,a00b0ac0u20i0tien0@sfdc.co,
,CANNOT_INSERT_UPDATE_ACTIVATE_ENTITY:ApplicantTrigger: System.LimitException: Apex CPU time limit exceeded:--,a0I2u000000bcNyEAI,gr1hz,835-787-9068,00aua0y2i0nb0i0c0e@sfdc.co,
,CANNOT_INSERT_UPDATE_ACTIVATE_ENTITY:ApplicantTrigger: System.LimitException: Apex CPU time limit exceeded:--,a0I2u000000bcO8EAI,,141-619-8527,aub8200i00c0ao0i0e@sfdc.co,
,CANNOT_INSERT_UPDATE_ACTIVATE_ENTITY:ApplicantTrigger: System.LimitException: Apex CPU time limit exceeded:--,a0I2u000000bcOIEAY,,166-180-3413,yab00a0ci002o00eui@sfdc.co,
,CANNOT_INSERT_UPDATE_ACTIVATE_ENTITY:ApplicantTrigger: System.LimitException: Apex CPU time limit exceeded:--,a0I2u000000bcONEAY,,374-352-5183,000oa0i2en0u00caby@sfdc.co,
,CANNOT_INSERT_UPDATE_ACTIVATE_ENTITY:ApplicantTrigger: System.LimitException: Apex CPU time limit exceeded:--,a0I2u000000bcOXEAY,,189-625-8688,ca00eo0b0yx02iu0a0@sfdc.co,
,CANNOT_INSERT_UPDATE_ACTIVATE_ENTITY:ApplicantTrigger: System.LimitException: Apex CPU time limit exceeded:--,a0I2u000000bcOcEAI,2BUy7,248-438-5464,,
,CANNOT_INSERT_UPDATE_ACTIVATE_ENTITY:ApplicantTrigger: System.LimitException: Apex CPU time limit exceeded:--,a0I2u000000bcOhEAI,,250-970-3332,2000euabco000ahi0i@sfdc.co,
,CANNOT_INSERT_UPDATE_ACTIVATE_ENTITY:ApplicantTrigger: System.LimitException: Apex CPU time limit exceeded:--,a0I2u000000bcOmEAI,,620-626-8964,aac0ei000i020ub0mo@sfdc.co,
,CANNOT_INSERT_UPDATE_ACTIVATE_ENTITY:ApplicantTrigger: System.LimitException: Apex CPU time limit exceeded:--,a0I2u000000bcOrEAI,,907-825-6312,0a0iiaeo0r0c200b0u@sfdc.co,
,CANNOT_INSERT_UPDATE_ACTIVATE_ENTITY:ApplicantTrigger: System.LimitException: Apex CPU time limit exceeded:--,a0I2u000000bcP1EAI,OmOM0,765-780-6759,,
,CANNOT_INSERT_UPDATE_ACTIVATE_ENTITY:ApplicantTrigger: System.LimitException: Apex CPU time limit exceeded:--,a0I2u000000bcP6EAI,,957-174-4092,20000iub6i0eaa00pc@sfdc.co,
,CANNOT_INSERT_UPDATE_ACTIVATE_ENTITY:ApplicantTrigger: System.LimitException: Apex CPU time limit exceeded:--,a0I2u000000bcPLEAY,,759-938-9076,yua0cei0a2b000l00p@sfdc.co,
,CANNOT_INSERT_UPDATE_ACTIVATE_ENTITY:ApplicantTrigger: System.LimitException: Apex CPU time limit exceeded:--,a0I2u000000bcPQEAY,,440-700-1466,000000iqap2cyubae0@sfdc.co,
,CANNOT_INSERT_UPDATE_ACTIVATE_ENTITY:ApplicantTrigger: System.LimitException: Apex CPU time limit exceeded:--,a0I2u000000bcPaEAI,,200-302-7207,a020e0aac0iib00u0p@sfdc.co,
,CANNOT_INSERT_UPDATE_ACTIVATE_ENTITY:ApplicantTrigger: System.LimitException: Apex CPU time limit exceeded:--,a0I2u000000bcPfEAI,,776-299-9629,0ia000ie2f0b00apcu@sfdc.co,
,CANNOT_INSERT_UPDATE_ACTIVATE_ENTITY:ApplicantTrigger: System.LimitException: Apex CPU time limit exceeded:--,a0I2u000000bcPkEAI,,730-842-1833,cua0b2k0ai000ei0p0@sfdc.co,
,CANNOT_INSERT_UPDATE_ACTIVATE_ENTITY:ApplicantTrigger: System.LimitException: Apex CPU time limit exceeded:--,a0I2u000000bcPpEAI,,104-740-9439,00a00ppub00a20eici@sfdc.co,
,CANNOT_INSERT_UPDATE_ACTIVATE_ENTITY:ApplicantTrigger: System.LimitException: Apex CPU time limit exceeded:--,a0I2u000000bcQ9EAI,,372-427-2019,ec0092q0au000aibi0@sfdc.co,
,CANNOT_INSERT_UPDATE_ACTIVATE_ENTITY:ApplicantTrigger: System.LimitException: Apex CPU time limit exceeded:--,a0I2u000000bcQEEAY,,793-106-2877,u00ee0y0cq02a00bai@sfdc.co,
,CANNOT_INSERT_UPDATE_ACTIVATE_ENTITY:ApplicantTrigger: System.LimitException: Apex CPU time limit exceeded:--,a0I2u000000bcQJEAY,hhGXm,665-367-7808,0ecy0002q0bu0ja0ia@sfdc.co,
,CANNOT_INSERT_UPDATE_ACTIVATE_ENTITY:ApplicantTrigger: System.LimitException: Apex CPU time limit exceeded:--,a0I2u000000bcQOEAY,SZaSD,109-531-3011,2c00q00iayao0b0eu0@sfdc.co,
,CANNOT_INSERT_UPDATE_ACTIVATE_ENTITY:ApplicantTrigger: System.LimitException: Apex CPU time limit exceeded:--,a0I2u000000bcQTEAY,,787-240-4623,,
,CANNOT_INSERT_UPDATE_ACTIVATE_ENTITY:ApplicantTrigger: System.LimitException: Apex CPU time limit exceeded:--,a0I2u000000bcQUEAY,,590-647-4847,,
,CANNOT_INSERT_UPDATE_ACTIVATE_ENTITY:ApplicantTrigger: System.LimitException: Apex CPU time limit exceeded:--,a0I2u000000bcQYEAY,aVPtc,700-363-1389,ucayby0i00ea0q0002@sfdc.co,
,CANNOT_INSERT_UPDATE_ACTIVATE_ENTITY:ApplicantTrigger: System.LimitException: Apex CPU time limit exceeded:--,a0I2u000000bcQdEAI,,524-873-7603,00d0qcu0biaa20e0i0@sfdc.co,
,CANNOT_INSERT_UPDATE_ACTIVATE_ENTITY:ApplicantTrigger: System.LimitException: Apex CPU time limit exceeded:--,a0I2u000000bcQeEAI,,873-566-9919,ua0eiac00ibeq00200@sfdc.co,
,CANNOT_INSERT_UPDATE_ACTIVATE_ENTITY:ApplicantTrigger: System.LimitException: Apex CPU time limit exceeded:--,a0I2u000000bcQiEAI,,702-895-1288,200ie00a00c0iuabqi@sfdc.co,
,CANNOT_INSERT_UPDATE_ACTIVATE_ENTITY:ApplicantTrigger: System.LimitException: Apex CPU time limit exceeded:--,a0I2u000000bcQnEAI,,409-706-5866,eui0cn000qi0aba020@sfdc.co,
,CANNOT_INSERT_UPDATE_ACTIVATE_ENTITY:ApplicantTrigger: System.LimitException: Apex CPU time limit exceeded:--,a0I2u000000bcQsEAI,jPdOp,648-359-6240,a0000ae2u00qcb0sii@sfdc.co,
,CANNOT_INSERT_UPDATE_ACTIVATE_ENTITY:ApplicantTrigger: System.LimitException: Apex CPU time limit exceeded:--,a0I2u000000bcQxEAI,,855-878-6073,0i0ix0caqub00a0e02@sfdc.co,
,CANNOT_INSERT_UPDATE_ACTIVATE_ENTITY:ApplicantTrigger: System.LimitException: Apex CPU time limit exceeded:--,a0I2u000000bcR2EAI,WYR5S,947-715-4758,2a0r000b02uce0iai0@sfdc.co,
,CANNOT_INSERT_UPDATE_ACTIVATE_ENTITY:ApplicantTrigger: System.LimitException: Apex CPU time limit exceeded:--,a0I2u000000bcR7EAI,,701-222-9421,a200u000bie7r0ica0@sfdc.co,
,CANNOT_INSERT_UPDATE_ACTIVATE_ENTITY:ApplicantTrigger: System.LimitException: Apex CPU time limit exceeded:--,a0I2u000000bcRCEAY,18ZB6,913-328-2805,0au00a00cr0eyc02ib@sfdc.co,
,CANNOT_INSERT_UPDATE_ACTIVATE_ENTITY:ApplicantTrigger: System.LimitException: Apex CPU time limit exceeded:--,a0I2u000000bcRHEAY,,464-628-6113,ey00c00baur0iah200@sfdc.co,
,CANNOT_INSERT_UPDATE_ACTIVATE_ENTITY:ApplicantTrigger: System.LimitException: Apex CPU time limit exceeded:--,a0I2u000000bcRREAY,,316-813-8384,00u0ryr0ceab0a0i02@sfdc.co,
,CANNOT_INSERT_UPDATE_ACTIVATE_ENTITY:ApplicantTrigger: System.LimitException: Apex CPU time limit exceeded:--,a0I2u000000bcRWEAY,,938-327-8423,0a0iwberyau20c0000@sfdc.co,
,CANNOT_INSERT_UPDATE_ACTIVATE_ENTITY:ApplicantTrigger: System.LimitException: Apex CPU time limit exceeded:--,a0I2u000000bcRbEAI,OxzyO,650-550-5517,e00aa0iu0b020crbi0@sfdc.co,
,CANNOT_INSERT_UPDATE_ACTIVATE_ENTITY:ApplicantTrigger: System.LimitException: Apex CPU time limit exceeded:--,a0I2u000000bcRgEAI,JryPE,255-272-6906,00a2ec0r000i0ugbia@sfdc.co,
,CANNOT_INSERT_UPDATE_ACTIVATE_ENTITY:ApplicantTrigger: System.LimitException: Apex CPU time limit exceeded:--,a0I2u000000bcRlEAI,i4u2B,953-759-8537,l000000ibar2auc0ei@sfdc.co,
,CANNOT_INSERT_UPDATE_ACTIVATE_ENTITY:ApplicantTrigger: System.LimitException: Apex CPU time limit exceeded:--,a0I2u000000bcRqEAI,,103-854-3344,,
,CANNOT_INSERT_UPDATE_ACTIVATE_ENTITY:ApplicantTrigger: System.LimitException: Apex CPU time limit exceeded:--,a0I2u000000bcRrEAI,,289-585-5219,,
,CANNOT_INSERT_UPDATE_ACTIVATE_ENTITY:ApplicantTrigger: System.LimitException: Apex CPU time limit exceeded:--,a0I2u000000bcRvEAI,,886-627-6624,00000beavari0iu02c@sfdc.co,
,CANNOT_INSERT_UPDATE_ACTIVATE_ENTITY:ApplicantTrigger: System.LimitException: Apex CPU time limit exceeded:--,a0I2u000000bcS0EAI,LcAVO,498-433-6575,sbia20000aeuc000i0@sfdc.co,
,CANNOT_INSERT_UPDATE_ACTIVATE_ENTITY:ApplicantTrigger: System.LimitException: Apex CPU time limit exceeded:--,a0I2u000000bcS5EAI,,131-521-7930,i0a2sicb5000ua0e00@sfdc.co,
,CANNOT_INSERT_UPDATE_ACTIVATE_ENTITY:ApplicantTrigger: System.LimitException: Apex CPU time limit exceeded:--,a0I2u000000bcS6EAI,,490-186-9949,ub0060c20a00e0aiis@sfdc.co,
,CANNOT_INSERT_UPDATE_ACTIVATE_ENTITY:ApplicantTrigger: System.LimitException: Apex CPU time limit exceeded:--,a0I2u000000bcSKEAY,pxPGa,551-124-8383,s0ku0e0a0ai0200ycb@sfdc.co,
,CANNOT_INSERT_UPDATE_ACTIVATE_ENTITY:ApplicantTrigger: System.LimitException: Apex CPU time limit exceeded:--,a0I2u000000bcSPEAY,afNLp,521-388-6300,ea0020a00c0ubiy0sp@sfdc.co,
,CANNOT_INSERT_UPDATE_ACTIVATE_ENTITY:ApplicantTrigger: System.LimitException: Apex CPU time limit exceeded:--,a0I2u000000bcSUEAY,dJcEc,621-339-2988,00u0ey0bs20ia0uca0@sfdc.co,
,CANNOT_INSERT_UPDATE_ACTIVATE_ENTITY:ApplicantTrigger: System.LimitException: Apex CPU time limit exceeded:--,a0I2u000000bcSZEAY,QiOMo,670-179-7784,0za0isa00bc0u0y20e@sfdc.co,
,CANNOT_INSERT_UPDATE_ACTIVATE_ENTITY:ApplicantTrigger: System.LimitException: Apex CPU time limit exceeded:--,a0I2u000000bcSeEAI,,839-938-3467,0ca000sueb0ea00ii2@sfdc.co,
,CANNOT_INSERT_UPDATE_ACTIVATE_ENTITY:ApplicantTrigger: System.LimitException: Apex CPU time limit exceeded:--,a0I2u000000bcSjEAI,,506-936-9897,,
,CANNOT_INSERT_UPDATE_ACTIVATE_ENTITY:ApplicantTrigger: System.LimitException: Apex CPU time limit exceeded:--,a0I2u000000bcSkEAI,,989-712-8626,,
,CANNOT_INSERT_UPDATE_ACTIVATE_ENTITY:ApplicantTrigger: System.LimitException: Apex CPU time limit exceeded:--,a0I2u000000bcStEAI,WYWJa,917-905-5985,002aeca0stui0bi000@sfdc.co,
,CANNOT_INSERT_UPDATE_ACTIVATE_ENTITY:ApplicantTrigger: System.LimitException: Apex CPU time limit exceeded:--,a0I2u000000bcT3EAI,,213-623-3418,ita00i0be0c0002ua3@sfdc.co,
,CANNOT_INSERT_UPDATE_ACTIVATE_ENTITY:ApplicantTrigger: System.LimitException: Apex CPU time limit exceeded:--,a0I2u000000bcTDEAY,d1H4u,683-884-6170,b0cu0i000dy00a2eta@sfdc.co,
,CANNOT_INSERT_UPDATE_ACTIVATE_ENTITY:ApplicantTrigger: System.LimitException: Apex CPU time limit exceeded:--,a0I2u000000bcTIEAY,UIoJG,700-789-6898,00aiic0y0ub0a0et02@sfdc.co,
,CANNOT_INSERT_UPDATE_ACTIVATE_ENTITY:ApplicantTrigger: System.LimitException: Apex CPU time limit exceeded:--,a0I2u000000bcTNEAY,,890-844-1168,c0aty0e00ui00nb02a@sfdc.co,
,CANNOT_INSERT_UPDATE_ACTIVATE_ENTITY:ApplicantTrigger: System.LimitException: Apex CPU time limit exceeded:--,a0I2u000000bcTSEAY,,890-998-7432,,
,CANNOT_INSERT_UPDATE_ACTIVATE_ENTITY:ApplicantTrigger: System.LimitException: Apex CPU time limit exceeded:--,a0I2u000000bcTXEAY,,585-716-1584,0ub0a0t00aiye002cx@sfdc.co,
,CANNOT_INSERT_UPDATE_ACTIVATE_ENTITY:ApplicantTrigger: System.LimitException: Apex CPU time limit exceeded:--,a0I2u000000bcTcEAI,,839-735-5047,0atui00i02ccb00ea0@sfdc.co,
,CANNOT_INSERT_UPDATE_ACTIVATE_ENTITY:ApplicantTrigger: System.LimitException: Apex CPU time limit exceeded:--,a0I2u000000bcTmEAI,,751-958-5927,0uab0t0em0ia2000ic@sfdc.co,
,CANNOT_INSERT_UPDATE_ACTIVATE_ENTITY:ApplicantTrigger: System.LimitException: Apex CPU time limit exceeded:--,a0I2u000000bcTwEAI,,271-178-7315,,
,CANNOT_INSERT_UPDATE_ACTIVATE_ENTITY:ApplicantTrigger: System.LimitException: Apex CPU time limit exceeded:--,a0I2u000000bcU1EAI,VSvyM,893-709-8141,02bicia10a000uu00e@sfdc.co,
,CANNOT_INSERT_UPDATE_ACTIVATE_ENTITY:ApplicantTrigger: System.LimitException: Apex CPU time limit exceeded:--,a0I2u000000bcU6EAI,5jPwP,914-166-7387,0eu0ic0ib00u02a6a0@sfdc.co,
,CANNOT_INSERT_UPDATE_ACTIVATE_ENTITY:ApplicantTrigger: System.LimitException: Apex CPU time limit exceeded:--,a0I2u000000bcUBEAY,qXZUL,210-196-5982,bau00e0yu2c00ba00i@sfdc.co,
,CANNOT_INSERT_UPDATE_ACTIVATE_ENTITY:ApplicantTrigger: System.LimitException: Apex CPU time limit exceeded:--,a0I2u000000bcULEAY,AlRgY,870-954-3626,00u02l0auya0ei0b0c@sfdc.co,
,CANNOT_INSERT_UPDATE_ACTIVATE_ENTITY:ApplicantTrigger: System.LimitException: Apex CPU time limit exceeded:--,a0I2u000000bcUQEAY,,398-532-2904,0acayei00q0b20uu00@sfdc.co,
,CANNOT_INSERT_UPDATE_ACTIVATE_ENTITY:ApplicantTrigger: System.LimitException: Apex CPU time limit exceeded:--,a0I2u000000bcUREAY,,194-456-9017,0000ub2ci0yaua0re0@sfdc.co,
,CANNOT_INSERT_UPDATE_ACTIVATE_ENTITY:ApplicantTrigger: System.LimitException: Apex CPU time limit exceeded:--,a0I2u000000bcUVEAY,JHppi,426-628-5791,0be0yv0u00acai020u@sfdc.co,
,CANNOT_INSERT_UPDATE_ACTIVATE_ENTITY:ApplicantTrigger: System.LimitException: Apex CPU time limit exceeded:--,a0I2u000000bcUaEAI,,793-984-6563,00eia02u0ua00cbia0@sfdc.co,
,CANNOT_INSERT_UPDATE_ACTIVATE_ENTITY:ApplicantTrigger: System.LimitException: Apex CPU time limit exceeded:--,a0I2u000000bcUfEAI,,396-112-3313,0ue02ia0fbi00au00c@sfdc.co,
,CANNOT_INSERT_UPDATE_ACTIVATE_ENTITY:ApplicantTrigger: System.LimitException: Apex CPU time limit exceeded:--,a0I2u000000bcUpEAI,4cMPD,701-251-2824,000i0a2pai00ub0euc@sfdc.co,
,CANNOT_INSERT_UPDATE_ACTIVATE_ENTITY:ApplicantTrigger: System.LimitException: Apex CPU time limit exceeded:--,a0I2u000000bcV4EAI,,783-799-1199,2a0a0i4i000v00bcue@sfdc.co,
,CANNOT_INSERT_UPDATE_ACTIVATE_ENTITY:ApplicantTrigger: System.LimitException: Apex CPU time limit exceeded:--,a0I2u000000bcVEEAY,,353-112-7189,0ava0euec00y0b20i0@sfdc.co,
,CANNOT_INSERT_UPDATE_ACTIVATE_ENTITY:ApplicantTrigger: System.LimitException: Apex CPU time limit exceeded:--,a0I2u000000bcVJEAY,,829-489-6134,020vu000a0j0iabcye@sfdc.co,
,CANNOT_INSERT_UPDATE_ACTIVATE_ENTITY:ApplicantTrigger: System.LimitException: Apex CPU time limit exceeded:--,a0I2u000000bcVKEAY,,786-147-5466,0u0v0yaa00eib02ck0@sfdc.co,
,CANNOT_INSERT_UPDATE_ACTIVATE_ENTITY:ApplicantTrigger: System.LimitException: Apex CPU time limit exceeded:--,a0I2u000000bcVOEAY,,532-108-3491,,
,CANNOT_INSERT_UPDATE_ACTIVATE_ENTITY:ApplicantTrigger: System.LimitException: Apex CPU time limit exceeded:--,a0I2u000000bcVPEAY,,267-322-6007,,
,CANNOT_INSERT_UPDATE_ACTIVATE_ENTITY:ApplicantTrigger: System.LimitException: Apex CPU time limit exceeded:--,a0I2u000000bcVTEAY,,441-443-7477,,
,CANNOT_INSERT_UPDATE_ACTIVATE_ENTITY:ApplicantTrigger: System.LimitException: Apex CPU time limit exceeded:--,a0I2u000000bcVYEAY,,383-879-7167,,
,CANNOT_INSERT_UPDATE_ACTIVATE_ENTITY:ApplicantTrigger: System.LimitException: Apex CPU time limit exceeded:--,a0I2u000000bcVZEAY,,618-962-2138,,
,CANNOT_INSERT_UPDATE_ACTIVATE_ENTITY:ApplicantTrigger: System.LimitException: Apex CPU time limit exceeded:--,a0I2u000000bcVdEAI,c8dCC,391-633-2106,0abii20c0du0va000e@sfdc.co,
,CANNOT_INSERT_UPDATE_ACTIVATE_ENTITY:ApplicantTrigger: System.LimitException: Apex CPU time limit exceeded:--,a0I2u000000bcViEAI,,566-488-2077,av0uc02ei00ii00a0b@sfdc.co,
,CANNOT_INSERT_UPDATE_ACTIVATE_ENTITY:ApplicantTrigger: System.LimitException: Apex CPU time limit exceeded:--,a0I2u000000bcVnEAI,fIrhL,846-755-9441,2000in00u00eaicavb@sfdc.co,
,CANNOT_INSERT_UPDATE_ACTIVATE_ENTITY:ApplicantTrigger: System.LimitException: Apex CPU time limit exceeded:--,a0I2u000000bcVsEAI,8SL7m,357-292-4543,s0i000uvabca2i00e0@sfdc.co,
,CANNOT_INSERT_UPDATE_ACTIVATE_ENTITY:ApplicantTrigger: System.LimitException: Apex CPU time limit exceeded:--,a0I2u000000bcVxEAI,4it9E,124-397-7065,0ebux2c0a0vii00a00@sfdc.co,
,CANNOT_INSERT_UPDATE_ACTIVATE_ENTITY:ApplicantTrigger: System.LimitException: Apex CPU time limit exceeded:--,a0I2u000000bcW2EAI,,690-246-1289,,
,CANNOT_INSERT_UPDATE_ACTIVATE_ENTITY:ApplicantTrigger: System.LimitException: Apex CPU time limit exceeded:--,a0I2u000000bcW7EAI,FYZAB,299-274-2456,00b7ic0u2000aie0wa@sfdc.co,
,CANNOT_INSERT_UPDATE_ACTIVATE_ENTITY:ApplicantTrigger: System.LimitException: Apex CPU time limit exceeded:--,a0I2u000000bcWCEAY,,488-271-4040,,
,CANNOT_INSERT_UPDATE_ACTIVATE_ENTITY:ApplicantTrigger: System.LimitException: Apex CPU time limit exceeded:--,a0I2u000000bcWDEAY,,207-769-5068,,
,CANNOT_INSERT_UPDATE_ACTIVATE_ENTITY:ApplicantTrigger: System.LimitException: Apex CPU time limit exceeded:--,a0I2u000000bcWREAY,,729-738-9856,r20bciu000waea000y@sfdc.co,
,CANNOT_INSERT_UPDATE_ACTIVATE_ENTITY:ApplicantTrigger: System.LimitException: Apex CPU time limit exceeded:--,a0I2u000000bcWqEAI,,499-978-4237,e0c2qaia0000iw0u0b@sfdc.co,
,CANNOT_INSERT_UPDATE_ACTIVATE_ENTITY:ApplicantTrigger: System.LimitException: Apex CPU time limit exceeded:--,a0I2u000000bcWvEAI,g5Duv,283-359-8758,,
,CANNOT_INSERT_UPDATE_ACTIVATE_ENTITY:ApplicantTrigger: System.LimitException: Apex CPU time limit exceeded:--,a0I2u000000bcX0EAI,,748-850-2517,i00i00xube2a0c00a0@sfdc.co,
,CANNOT_INSERT_UPDATE_ACTIVATE_ENTITY:ApplicantTrigger: System.LimitException: Apex CPU time limit exceeded:--,a0I2u000000bcX5EAI,,366-594-6608,a0ax0uibi002c00e50@sfdc.co,
,CANNOT_INSERT_UPDATE_ACTIVATE_ENTITY:ApplicantTrigger: System.LimitException: Apex CPU time limit exceeded:--,a0I2u000000bcXAEAY,8OOBg,168-214-1041,y02x0iaca0ua00b0e0@sfdc.co,
,CANNOT_INSERT_UPDATE_ACTIVATE_ENTITY:ApplicantTrigger: System.LimitException: Apex CPU time limit exceeded:--,a0I2u000000bcXFEAY,,921-681-5495,xci0020afb0a0u0ye0@sfdc.co,
,CANNOT_INSERT_UPDATE_ACTIVATE_ENTITY:ApplicantTrigger: System.LimitException: Apex CPU time limit exceeded:--,a0I2u000000bcXKEAY,,889-857-2996,xc20iu0000ab0eyak0@sfdc.co,
,CANNOT_INSERT_UPDATE_ACTIVATE_ENTITY:ApplicantTrigger: System.LimitException: Apex CPU time limit exceeded:--,a0I2u000000bcXPEAY,fpCdx,393-989-1622,0x002uyiea0p000bac@sfdc.co,
,CANNOT_INSERT_UPDATE_ACTIVATE_ENTITY:ApplicantTrigger: System.LimitException: Apex CPU time limit exceeded:--,a0I2u000000bcXUEAY,CRo7r,375-692-4347,,
,CANNOT_INSERT_UPDATE_ACTIVATE_ENTITY:ApplicantTrigger: System.LimitException: Apex CPU time limit exceeded:--,a0I2u000000bcXZEAY,twgqS,358-858-6672,0aui2xa000ec0y0zb0@sfdc.co,
,CANNOT_INSERT_UPDATE_ACTIVATE_ENTITY:ApplicantTrigger: System.LimitException: Apex CPU time limit exceeded:--,a0I2u000000bcXeEAI,,547-174-7001,iu000a0iba20xc0e0e@sfdc.co,
,CANNOT_INSERT_UPDATE_ACTIVATE_ENTITY:ApplicantTrigger: System.LimitException: Apex CPU time limit exceeded:--,a0I2u000000bcXfEAI,,979-561-8525,c0a0buf0xi0ea002i0@sfdc.co,
,CANNOT_INSERT_UPDATE_ACTIVATE_ENTITY:ApplicantTrigger: System.LimitException: Apex CPU time limit exceeded:--,a0I2u000000bcXjEAI,,741-613-6779,0u0020cebjiax0i00a@sfdc.co,
,CANNOT_INSERT_UPDATE_ACTIVATE_ENTITY:ApplicantTrigger: System.LimitException: Apex CPU time limit exceeded:--,a0I2u000000bcXoEAI,,440-872-2729,e00o00xb00iicaua20@sfdc.co,
,CANNOT_INSERT_UPDATE_ACTIVATE_ENTITY:ApplicantTrigger: System.LimitException: Apex CPU time limit exceeded:--,a0I2u000000bcXtEAI,,891-923-2736,uiibx020a0e0tc000a@sfdc.co,
,CANNOT_INSERT_UPDATE_ACTIVATE_ENTITY:ApplicantTrigger: System.LimitException: Apex CPU time limit exceeded:--,a0I2u000000bcXyEAI,,928-898-2493,u000aca000xe0iib2y@sfdc.co,
,CANNOT_INSERT_UPDATE_ACTIVATE_ENTITY:ApplicantTrigger: System.LimitException: Apex CPU time limit exceeded:--,a0I2u000000bcY3EAI,,678-356-9998,,
,CANNOT_INSERT_UPDATE_ACTIVATE_ENTITY:ApplicantTrigger: System.LimitException: Apex CPU time limit exceeded:--,a0I2u000000bcY4EAI,,793-951-9289,,
,CANNOT_INSERT_UPDATE_ACTIVATE_ENTITY:ApplicantTrigger: System.LimitException: Apex CPU time limit exceeded:--,a0I2u000000bcb4EAA,,169-675-5960,,
,CANNOT_INSERT_UPDATE_ACTIVATE_ENTITY:ApplicantTrigger: System.LimitException: Apex CPU time limit exceeded:--,a0I2u000000bcbdEAA,jJxVn,942-524-2812,,
,CANNOT_INSERT_UPDATE_ACTIVATE_ENTITY:ApplicantTrigger: System.LimitException: Apex CPU time limit exceeded:--,a0I2u000000bcbiEAA,mqOTm,412-587-3185,,
,CANNOT_INSERT_UPDATE_ACTIVATE_ENTITY:ApplicantTrigger: System.LimitException: Apex CPU time limit exceeded:--,a0I2u000000bcbsEAA,,441-196-5794,,
,CANNOT_INSERT_UPDATE_ACTIVATE_ENTITY:ApplicantTrigger: System.LimitException: Apex CPU time limit exceeded:--,a0I2u000000bccCEAQ,,563-197-1707,,
,CANNOT_INSERT_UPDATE_ACTIVATE_ENTITY:ApplicantTrigger: System.LimitException: Apex CPU time limit exceeded:--,a0I2u000000bccHEAQ,,788-190-1014,hq00a0ecb02ui000ac@sfdc.co,
,CANNOT_INSERT_UPDATE_ACTIVATE_ENTITY:ApplicantTrigger: System.LimitException: Apex CPU time limit exceeded:--,a0I2u000000bccMEAQ,,452-643-1810,0m20aa0u000cqbic0e@sfdc.co,
,CANNOT_INSERT_UPDATE_ACTIVATE_ENTITY:ApplicantTrigger: System.LimitException: Apex CPU time limit exceeded:--,a0I2u000000bccWEAQ,,621-302-9174,00c2a0u0aeqwc0b0i0@sfdc.co,
,CANNOT_INSERT_UPDATE_ACTIVATE_ENTITY:ApplicantTrigger: System.LimitException: Apex CPU time limit exceeded:--,a0I2u000000bccbEAA,,746-268-1647,bba0cau0ec000i0a20@sfdc.co,
,CANNOT_INSERT_UPDATE_ACTIVATE_ENTITY:ApplicantTrigger: System.LimitException: Apex CPU time limit exceeded:--,a0I2u000000bccgEAA,,324-933-1909,000caui200a0acbe0g@sfdc.co,
,CANNOT_INSERT_UPDATE_ACTIVATE_ENTITY:ApplicantTrigger: System.LimitException: Apex CPU time limit exceeded:--,a0I2u000000bcclEAA,,749-622-6814,,
,CANNOT_INSERT_UPDATE_ACTIVATE_ENTITY:ApplicantTrigger: System.LimitException: Apex CPU time limit exceeded:--,a0I2u000000bccmEAA,,771-977-6383,,
,CANNOT_INSERT_UPDATE_ACTIVATE_ENTITY:ApplicantTrigger: System.LimitException: Apex CPU time limit exceeded:--,a0I2u000000bccnEAA,,525-240-8998,,
,CANNOT_INSERT_UPDATE_ACTIVATE_ENTITY:ApplicantTrigger: System.LimitException: Apex CPU time limit exceeded:--,a0I2u000000bccqEAA,,581-920-7720,a0aa020cbi0e0cq00u@sfdc.co,
,CANNOT_INSERT_UPDATE_ACTIVATE_ENTITY:ApplicantTrigger: System.LimitException: Apex CPU time limit exceeded:--,a0I2u000000bccrEAA,,434-212-6330,,
,CANNOT_INSERT_UPDATE_ACTIVATE_ENTITY:ApplicantTrigger: System.LimitException: Apex CPU time limit exceeded:--,a0I2u000000bccvEAA,,300-841-7080,,
,CANNOT_INSERT_UPDATE_ACTIVATE_ENTITY:ApplicantTrigger: System.LimitException: Apex CPU time limit exceeded:--,a0I2u000000bccwEAA,,483-699-3701,,
,CANNOT_INSERT_UPDATE_ACTIVATE_ENTITY:ApplicantTrigger: System.LimitException: Apex CPU time limit exceeded:--,a0I2u000000bcd0EAA,,208-577-4875,d0bec0aia0u020000a@sfdc.co,
,CANNOT_INSERT_UPDATE_ACTIVATE_ENTITY:ApplicantTrigger: System.LimitException: Apex CPU time limit exceeded:--,a0I2u000000bcd5EAA,,444-294-5664,,
,CANNOT_INSERT_UPDATE_ACTIVATE_ENTITY:ApplicantTrigger: System.LimitException: Apex CPU time limit exceeded:--,a0I2u000000bcdAEAQ,,996-484-5076,0eu00aq000daaci02b@sfdc.co,
,CANNOT_INSERT_UPDATE_ACTIVATE_ENTITY:ApplicantTrigger: System.LimitException: Apex CPU time limit exceeded:--,a0I2u000000bcdFEAQ,I7ZIr,202-749-5210,a0ef000b020q0uciad@sfdc.co,
,CANNOT_INSERT_UPDATE_ACTIVATE_ENTITY:ApplicantTrigger: System.LimitException: Apex CPU time limit exceeded:--,a0I2u000000bcdKEAQ,,915-140-5166,qai0dca0e00200k0bu@sfdc.co,
,CANNOT_INSERT_UPDATE_ACTIVATE_ENTITY:ApplicantTrigger: System.LimitException: Apex CPU time limit exceeded:--,a0I2u000000bcdPEAQ,,437-128-4404,dbaa000ceu0q0p020i@sfdc.co,
,CANNOT_INSERT_UPDATE_ACTIVATE_ENTITY:ApplicantTrigger: System.LimitException: Apex CPU time limit exceeded:--,a0I2u000000bcdUEAQ,dEX2q,415-472-1496,ieabua00u00c0200dq@sfdc.co,
,CANNOT_INSERT_UPDATE_ACTIVATE_ENTITY:ApplicantTrigger: System.LimitException: Apex CPU time limit exceeded:--,a0I2u000000bcdZEAQ,,805-782-5667,qeb0a0a20cui00dz00@sfdc.co,
,CANNOT_INSERT_UPDATE_ACTIVATE_ENTITY:ApplicantTrigger: System.LimitException: Apex CPU time limit exceeded:--,a0I2u000000bcdeEAA,,244-383-3829,,
,CANNOT_INSERT_UPDATE_ACTIVATE_ENTITY:ApplicantTrigger: System.LimitException: Apex CPU time limit exceeded:--,a0I2u000000bcdfEAA,,737-150-1660,,
,CANNOT_INSERT_UPDATE_ACTIVATE_ENTITY:ApplicantTrigger: System.LimitException: Apex CPU time limit exceeded:--,a0I2u000000bcdjEAA,,798-258-9434,00e0ai2da00jacub00@sfdc.co,
,CANNOT_INSERT_UPDATE_ACTIVATE_ENTITY:ApplicantTrigger: System.LimitException: Apex CPU time limit exceeded:--,a0I2u000000bcdoEAA,,478-670-5117,0aceaiu00a00o0b2d0@sfdc.co,
,CANNOT_INSERT_UPDATE_ACTIVATE_ENTITY:ApplicantTrigger: System.LimitException: Apex CPU time limit exceeded:--,a0I2u000000bcdtEAA,,756-599-4634,0tda0aae0c0i0u020b@sfdc.co,
,CANNOT_INSERT_UPDATE_ACTIVATE_ENTITY:ApplicantTrigger: System.LimitException: Apex CPU time limit exceeded:--,a0I2u000000bcdyEAA,,182-277-3925,0ad000euac0i0ayb02@sfdc.co,
,CANNOT_INSERT_UPDATE_ACTIVATE_ENTITY:ApplicantTrigger: System.LimitException: Apex CPU time limit exceeded:--,a0I2u000000bce3EAA,,354-340-9861,00b0ce3a00iu02ea0a@sfdc.co,
,CANNOT_INSERT_UPDATE_ACTIVATE_ENTITY:ApplicantTrigger: System.LimitException: Apex CPU time limit exceeded:--,a0I2u000000bce8EAA,,611-369-8414,,
,CANNOT_INSERT_UPDATE_ACTIVATE_ENTITY:ApplicantTrigger: System.LimitException: Apex CPU time limit exceeded:--,a0I2u000000bce9EAA,,273-361-2637,,
,CANNOT_INSERT_UPDATE_ACTIVATE_ENTITY:ApplicantTrigger: System.LimitException: Apex CPU time limit exceeded:--,a0I2u000000bceIEAQ,,736-631-8097,,
,CANNOT_INSERT_UPDATE_ACTIVATE_ENTITY:ApplicantTrigger: System.LimitException: Apex CPU time limit exceeded:--,a0I2u000000bceNEAQ,TLBrP,289-220-2739,000caeeau2ib00qn00@sfdc.co,
,CANNOT_INSERT_UPDATE_ACTIVATE_ENTITY:ApplicantTrigger: System.LimitException: Apex CPU time limit exceeded:--,a0I2u000000bceSEAQ,s2arn,854-275-1559,ac0eu000020e0qaisb@sfdc.co,
,CANNOT_INSERT_UPDATE_ACTIVATE_ENTITY:ApplicantTrigger: System.LimitException: Apex CPU time limit exceeded:--,a0I2u000000bceXEAQ,ZiQe3,183-953-9385,exi0u00e0aq00cb2a0@sfdc.co,
,CANNOT_INSERT_UPDATE_ACTIVATE_ENTITY:ApplicantTrigger: System.LimitException: Apex CPU time limit exceeded:--,a0I2u000000bcecEAA,,789-821-9118,,
,CANNOT_INSERT_UPDATE_ACTIVATE_ENTITY:ApplicantTrigger: System.LimitException: Apex CPU time limit exceeded:--,a0I2u000000bcemEAA,C8Nxb,944-309-1739,ieu00000bm20acaae0@sfdc.co,
,CANNOT_INSERT_UPDATE_ACTIVATE_ENTITY:ApplicantTrigger: System.LimitException: Apex CPU time limit exceeded:--,a0I2u000000bcerEAA,,781-634-8380,,
,CANNOT_INSERT_UPDATE_ACTIVATE_ENTITY:ApplicantTrigger: System.LimitException: Apex CPU time limit exceeded:--,a0I2u000000bcewEAA,,223-123-6095,a20e0wb0aac0000iue@sfdc.co,
,CANNOT_INSERT_UPDATE_ACTIVATE_ENTITY:ApplicantTrigger: System.LimitException: Apex CPU time limit exceeded:--,a0I2u000000bcf1EAA,,521-858-9190,,
,CANNOT_INSERT_UPDATE_ACTIVATE_ENTITY:ApplicantTrigger: System.LimitException: Apex CPU time limit exceeded:--,a0I2u000000bcf6EAA,,415-125-1062,,
,CANNOT_INSERT_UPDATE_ACTIVATE_ENTITY:ApplicantTrigger: System.LimitException: Apex CPU time limit exceeded:--,a0I2u000000bcfBEAQ,,635-961-4887,f0u0e0ib0qc02b00aa@sfdc.co,
,CANNOT_INSERT_UPDATE_ACTIVATE_ENTITY:ApplicantTrigger: System.LimitException: Apex CPU time limit exceeded:--,a0I2u000000bcfCEAQ,,842-487-6565,,
,CANNOT_INSERT_UPDATE_ACTIVATE_ENTITY:ApplicantTrigger: System.LimitException: Apex CPU time limit exceeded:--,a0I2u000000bcfGEAQ,,645-838-9442,000e02cg0fa00qiaub@sfdc.co,
,CANNOT_INSERT_UPDATE_ACTIVATE_ENTITY:ApplicantTrigger: System.LimitException: Apex CPU time limit exceeded:--,a0I2u000000bcfLEAQ,,189-987-8728,00bu00eif00a0l2cqa@sfdc.co,
,CANNOT_INSERT_UPDATE_ACTIVATE_ENTITY:ApplicantTrigger: System.LimitException: Apex CPU time limit exceeded:--,a0I2u000000bcfQEAQ,,256-798-4368,,
,CANNOT_INSERT_UPDATE_ACTIVATE_ENTITY:ApplicantTrigger: System.LimitException: Apex CPU time limit exceeded:--,a0I2u000000bcfREAQ,,518-325-1833,,
,CANNOT_INSERT_UPDATE_ACTIVATE_ENTITY:ApplicantTrigger: System.LimitException: Apex CPU time limit exceeded:--,a0I2u000000bcfVEAQ,,922-895-8632,eaic00qaf0b20000vu@sfdc.co,
,CANNOT_INSERT_UPDATE_ACTIVATE_ENTITY:ApplicantTrigger: System.LimitException: Apex CPU time limit exceeded:--,a0I2u000000bcfaEAA,,622-116-8089,,
,CANNOT_INSERT_UPDATE_ACTIVATE_ENTITY:ApplicantTrigger: System.LimitException: Apex CPU time limit exceeded:--,a0I2u000000bcffEAA,,813-311-6859,00a0cfiu00ae02abf0@sfdc.co,
,CANNOT_INSERT_UPDATE_ACTIVATE_ENTITY:ApplicantTrigger: System.LimitException: Apex CPU time limit exceeded:--,a0I2u000000bcfkEAA,,505-347-1275,ei0aaa00uk0f000b2c@sfdc.co,
,CANNOT_INSERT_UPDATE_ACTIVATE_ENTITY:ApplicantTrigger: System.LimitException: Apex CPU time limit exceeded:--,a0I2u000000bcfpEAA,,477-727-8980,,
,CANNOT_INSERT_UPDATE_ACTIVATE_ENTITY:ApplicantTrigger: System.LimitException: Apex CPU time limit exceeded:--,a0I2u000000bcfuEAA,,728-709-5914,0u0cu00aeb000fai2a@sfdc.co,
,CANNOT_INSERT_UPDATE_ACTIVATE_ENTITY:ApplicantTrigger: System.LimitException: Apex CPU time limit exceeded:--,a0I2u000000bcfzEAA,,373-576-8689,0z0b2a0fei0aca00u0@sfdc.co,
,CANNOT_INSERT_UPDATE_ACTIVATE_ENTITY:ApplicantTrigger: System.LimitException: Apex CPU time limit exceeded:--,a0I2u000000bcg4EAA,,951-768-8124,aau2g04000a0b0ice0@sfdc.co,
,CANNOT_INSERT_UPDATE_ACTIVATE_ENTITY:ApplicantTrigger: System.LimitException: Apex CPU time limit exceeded:--,a0I2u000000bcg9EAA,,123-415-5942,aa2a0eig00900ub00c@sfdc.co,
,CANNOT_INSERT_UPDATE_ACTIVATE_ENTITY:ApplicantTrigger: System.LimitException: Apex CPU time limit exceeded:--,a0I2u000000bcgEEAQ,,243-198-1079,,
,CANNOT_INSERT_UPDATE_ACTIVATE_ENTITY:ApplicantTrigger: System.LimitException: Apex CPU time limit exceeded:--,a0I2u000000bcgJEAQ,,312-371-8774,0gb0qe0i2cuj0a000a@sfdc.co,
,CANNOT_INSERT_UPDATE_ACTIVATE_ENTITY:ApplicantTrigger: System.LimitException: Apex CPU time limit exceeded:--,a0I2u000000bcgTEAQ,CZQBJ,239-425-3142,0age2i0t00c000abuq@sfdc.co,
,CANNOT_INSERT_UPDATE_ACTIVATE_ENTITY:ApplicantTrigger: System.LimitException: Apex CPU time limit exceeded:--,a0I2u000000bcgUEAQ,chs4M,471-120-8647,000g00eiuu0c20qbaa@sfdc.co,
,CANNOT_INSERT_UPDATE_ACTIVATE_ENTITY:ApplicantTrigger: System.LimitException: Apex CPU time limit exceeded:--,a0I2u000000bcgYEAQ,,860-219-6842,0geqa0c020b0ua0i0y@sfdc.co,
,CANNOT_INSERT_UPDATE_ACTIVATE_ENTITY:ApplicantTrigger: System.LimitException: Apex CPU time limit exceeded:--,a0I2u000000bcgdEAA,4Brgz,104-102-2574,a00ea0000i2buac0gd@sfdc.co,
,CANNOT_INSERT_UPDATE_ACTIVATE_ENTITY:ApplicantTrigger: System.LimitException: Apex CPU time limit exceeded:--,a0I2u000000bcgiEAA,PyzF7,993-206-2805,000ubai0e0ca2a0i0g@sfdc.co,
,CANNOT_INSERT_UPDATE_ACTIVATE_ENTITY:ApplicantTrigger: System.LimitException: Apex CPU time limit exceeded:--,a0I2u000000bcgsEAA,Dethe,456-386-3071,0g2sb0e0iaca00u0a0@sfdc.co,
,CANNOT_INSERT_UPDATE_ACTIVATE_ENTITY:ApplicantTrigger: System.LimitException: Apex CPU time limit exceeded:--,a0I2u000000bcgxEAA,pRwBV,229-446-8002,0ecb00a200aiug0x0a@sfdc.co,
,CANNOT_INSERT_UPDATE_ACTIVATE_ENTITY:ApplicantTrigger: System.LimitException: Apex CPU time limit exceeded:--,a0I2u000000bch2EAA,,326-749-4424,0000ahie00ab20ca2u@sfdc.co,
,CANNOT_INSERT_UPDATE_ACTIVATE_ENTITY:ApplicantTrigger: System.LimitException: Apex CPU time limit exceeded:--,a0I2u000000bch7EAA,k5Ir0,522-743-7649,e00cu20i000aa7h0ab@sfdc.co,
,CANNOT_INSERT_UPDATE_ACTIVATE_ENTITY:ApplicantTrigger: System.LimitException: Apex CPU time limit exceeded:--,a0I2u000000bchCEAQ,,801-816-9523,0aa000c00bh2ec0qui@sfdc.co,
,CANNOT_INSERT_UPDATE_ACTIVATE_ENTITY:ApplicantTrigger: System.LimitException: Apex CPU time limit exceeded:--,a0I2u000000bchHEAQ,SIZQj,647-550-5896,h0hu020b0ic00qa0ae@sfdc.co,
,CANNOT_INSERT_UPDATE_ACTIVATE_ENTITY:ApplicantTrigger: System.LimitException: Apex CPU time limit exceeded:--,a0I2u000000bchMEAQ,HZkwN,469-693-2477,uaci0a0q00be00mh02@sfdc.co,
,CANNOT_INSERT_UPDATE_ACTIVATE_ENTITY:ApplicantTrigger: System.LimitException: Apex CPU time limit exceeded:--,a0I2u000000bchREAQ,8zKRD,364-452-9065,cqia0000ruea0hb020@sfdc.co,
,CANNOT_INSERT_UPDATE_ACTIVATE_ENTITY:ApplicantTrigger: System.LimitException: Apex CPU time limit exceeded:--,a0I2u000000bchWEAQ,0S9KL,434-921-9322,w00u0002caqh0eiba0@sfdc.co,
,CANNOT_INSERT_UPDATE_ACTIVATE_ENTITY:ApplicantTrigger: System.LimitException: Apex CPU time limit exceeded:--,a0I2u000000bchbEAA,vOdVI,471-611-7414,a02a00ehci00b0uab0@sfdc.co,
,CANNOT_INSERT_UPDATE_ACTIVATE_ENTITY:ApplicantTrigger: System.LimitException: Apex CPU time limit exceeded:--,a0I2u000000bchgEAA,,730-379-4621,b0i0agu00a2c0aeh00@sfdc.co,
,CANNOT_INSERT_UPDATE_ACTIVATE_ENTITY:ApplicantTrigger: System.LimitException: Apex CPU time limit exceeded:--,a0I2u000000bchlEAA,,611-878-1141,eui000aahl2000a0bc@sfdc.co,
,CANNOT_INSERT_UPDATE_ACTIVATE_ENTITY:ApplicantTrigger: System.LimitException: Apex CPU time limit exceeded:--,a0I2u000000bchvEAA,,218-238-5693,0v00b0iu0c0h0a2aea@sfdc.co,
,CANNOT_INSERT_UPDATE_ACTIVATE_ENTITY:ApplicantTrigger: System.LimitException: Apex CPU time limit exceeded:--,a0I2u000000bci0EAA,,579-974-9245,ac00a0000i00aubei2@sfdc.co,
,CANNOT_INSERT_UPDATE_ACTIVATE_ENTITY:ApplicantTrigger: System.LimitException: Apex CPU time limit exceeded:--,a0I2u000000bci5EAA,,892-973-2520,0a00ai5u0aci2b000e@sfdc.co,
,CANNOT_INSERT_UPDATE_ACTIVATE_ENTITY:ApplicantTrigger: System.LimitException: Apex CPU time limit exceeded:--,a0I2u000000bciFEAQ,,376-803-5008,a00qe02cbuf0i0ia00@sfdc.co,
,CANNOT_INSERT_UPDATE_ACTIVATE_ENTITY:ApplicantTrigger: System.LimitException: Apex CPU time limit exceeded:--,a0I2u000000bciKEAQ,tcDxk,146-311-6598,,
,CANNOT_INSERT_UPDATE_ACTIVATE_ENTITY:ApplicantTrigger: System.LimitException: Apex CPU time limit exceeded:--,a0I2u000001XICAEA4,,372-542-6606,,
,CANNOT_INSERT_UPDATE_ACTIVATE_ENTITY:ApplicantTrigger: System.LimitException: Apex CPU time limit exceeded:--,a0I2u000001XICDEA4,MlahF,214-517-3974,,
,CANNOT_INSERT_UPDATE_ACTIVATE_ENTITY:ApplicantTrigger: System.LimitException: Apex CPU time limit exceeded:--,a0I2u000001XICIEA4,,917-306-6416,,
,CANNOT_INSERT_UPDATE_ACTIVATE_ENTITY:ApplicantTrigger: System.LimitException: Apex CPU time limit exceeded:--,a0I2u000001XICJEA4,,416-739-7207,,
,CANNOT_INSERT_UPDATE_ACTIVATE_ENTITY:ApplicantTrigger: System.LimitException: Apex CPU time limit exceeded:--,a0I2u000001XICNEA4,,202-223-3186,,
,CANNOT_INSERT_UPDATE_ACTIVATE_ENTITY:ApplicantTrigger: System.LimitException: Apex CPU time limit exceeded:--,a0I2u000001XICOEA4,,244-981-4765,,
,CANNOT_INSERT_UPDATE_ACTIVATE_ENTITY:ApplicantTrigger: System.LimitException: Apex CPU time limit exceeded:--,a0I2u000001XICXEA4,,748-434-2854,uci004a0i2xexa0010@sfdc.co,
,CANNOT_INSERT_UPDATE_ACTIVATE_ENTITY:ApplicantTrigger: System.LimitException: Apex CPU time limit exceeded:--,a0I2u000001XICYEA4,,703-690-3827,20uy04i0aae10ci00x@sfdc.co,
,CANNOT_INSERT_UPDATE_ACTIVATE_ENTITY:ApplicantTrigger: System.LimitException: Apex CPU time limit exceeded:--,a0I2u000001XICcEAO,nQsnY,688-398-7110,,
,CANNOT_INSERT_UPDATE_ACTIVATE_ENTITY:ApplicantTrigger: System.LimitException: Apex CPU time limit exceeded:--,a0I2u000001XIChEAO,oRp04,304-654-6181,0he0ico0010a2ix0ua@sfdc.co,
,CANNOT_INSERT_UPDATE_ACTIVATE_ENTITY:ApplicantTrigger: System.LimitException: Apex CPU time limit exceeded:--,a0I2u000001XICmEAO,,446-536-3596,,
,CANNOT_INSERT_UPDATE_ACTIVATE_ENTITY:ApplicantTrigger: System.LimitException: Apex CPU time limit exceeded:--,a0I2u000001XICrEAO,,953-275-8686,e1axiic00u2o0ar000@sfdc.co,
,CANNOT_INSERT_UPDATE_ACTIVATE_ENTITY:ApplicantTrigger: System.LimitException: Apex CPU time limit exceeded:--,a0I2u000001XICwEAO,bZsEU,533-775-8202,,
,CANNOT_INSERT_UPDATE_ACTIVATE_ENTITY:ApplicantTrigger: System.LimitException: Apex CPU time limit exceeded:--,a0I2u000001XID1EAO,wWb2N,352-145-2084,i0oa10x00e2100adui@sfdc.co,
,CANNOT_INSERT_UPDATE_ACTIVATE_ENTITY:ApplicantTrigger: System.LimitException: Apex CPU time limit exceeded:--,a0I2u000001XIDBEA4,E3xlZ,596-538-1496,e4u0i10aaxbd002i00@sfdc.co,
,CANNOT_INSERT_UPDATE_ACTIVATE_ENTITY:ApplicantTrigger: System.LimitException: Apex CPU time limit exceeded:--,a0I2u000001XIDGEA4,,578-652-4471,,
,CANNOT_INSERT_UPDATE_ACTIVATE_ENTITY:ApplicantTrigger: System.LimitException: Apex CPU time limit exceeded:--,a0I2u000001XIDHEA4,,818-977-4604,,
,CANNOT_INSERT_UPDATE_ACTIVATE_ENTITY:ApplicantTrigger: System.LimitException: Apex CPU time limit exceeded:--,a0I2u000001XIDLEA4,kBHGI,350-105-8159,,
,CANNOT_INSERT_UPDATE_ACTIVATE_ENTITY:ApplicantTrigger: System.LimitException: Apex CPU time limit exceeded:--,a0I2u000001XIDMEA4,,864-249-1346,,
,CANNOT_INSERT_UPDATE_ACTIVATE_ENTITY:ApplicantTrigger: System.LimitException: Apex CPU time limit exceeded:--,a0I2u000001XIDQEA4,KKugC,548-240-8709,a00uqi2e10ia000x4d@sfdc.co,
,CANNOT_INSERT_UPDATE_ACTIVATE_ENTITY:ApplicantTrigger: System.LimitException: Apex CPU time limit exceeded:--,a0I2u000001XIDVEA4,mCPhw,833-529-4736,,
,CANNOT_INSERT_UPDATE_ACTIVATE_ENTITY:ApplicantTrigger: System.LimitException: Apex CPU time limit exceeded:--,a0I2u000001XIDaEAO,NsulN,958-714-5919,,
,CANNOT_INSERT_UPDATE_ACTIVATE_ENTITY:ApplicantTrigger: System.LimitException: Apex CPU time limit exceeded:--,a0I2u000001XIDfEAO,UuMAN,648-362-7072,uo001f00ixdi2aea00@sfdc.co,
,CANNOT_INSERT_UPDATE_ACTIVATE_ENTITY:ApplicantTrigger: System.LimitException: Apex CPU time limit exceeded:--,a0I2u000001XIDkEAO,WiEZG,143-126-6112,ia21x00i00e0kau0od@sfdc.co,
,CANNOT_INSERT_UPDATE_ACTIVATE_ENTITY:ApplicantTrigger: System.LimitException: Apex CPU time limit exceeded:--,a0I2u000001XIDpEAO,,525-526-7744,,
,CANNOT_INSERT_UPDATE_ACTIVATE_ENTITY:ApplicantTrigger: System.LimitException: Apex CPU time limit exceeded:--,a0I2u000001XIDqEAO,,792-660-8287,,
,CANNOT_INSERT_UPDATE_ACTIVATE_ENTITY:ApplicantTrigger: System.LimitException: Apex CPU time limit exceeded:--,a0I2u000001XIDuEAO,,411-230-8701,,
,CANNOT_INSERT_UPDATE_ACTIVATE_ENTITY:ApplicantTrigger: System.LimitException: Apex CPU time limit exceeded:--,a0I2u000001XIDvEAO,,930-897-6371,,
,CANNOT_INSERT_UPDATE_ACTIVATE_ENTITY:ApplicantTrigger: System.LimitException: Apex CPU time limit exceeded:--,a0I2u000001XIDzEAO,,189-350-1460,,
,CANNOT_INSERT_UPDATE_ACTIVATE_ENTITY:ApplicantTrigger: System.LimitException: Apex CPU time limit exceeded:--,a0I2u000001XIE0EAO,,101-921-6139,,
,CANNOT_INSERT_UPDATE_ACTIVATE_ENTITY:ApplicantTrigger: System.LimitException: Apex CPU time limit exceeded:--,a0I2u000001XIE4EAO,,219-451-6308,x4u1i0a00io0a2ee00@sfdc.co,
,CANNOT_INSERT_UPDATE_ACTIVATE_ENTITY:ApplicantTrigger: System.LimitException: Apex CPU time limit exceeded:--,a0I2u000001XIE9EAO,zkfqC,672-582-1364,09ua2oa0i0i10eex00@sfdc.co,
,CANNOT_INSERT_UPDATE_ACTIVATE_ENTITY:ApplicantTrigger: System.LimitException: Apex CPU time limit exceeded:--,a0I2u000001XIEEEA4,GYR5S,676-874-2416,,
,CANNOT_INSERT_UPDATE_ACTIVATE_ENTITY:ApplicantTrigger: System.LimitException: Apex CPU time limit exceeded:--,a0I2u000001XIEJEA4,,891-630-8209,,
,CANNOT_INSERT_UPDATE_ACTIVATE_ENTITY:ApplicantTrigger: System.LimitException: Apex CPU time limit exceeded:--,a0I2u000001XIEKEA4,,414-175-6462,,
,CANNOT_INSERT_UPDATE_ACTIVATE_ENTITY:ApplicantTrigger: System.LimitException: Apex CPU time limit exceeded:--,a0I2u000001XIELEA4,,313-322-6135,,
,CANNOT_INSERT_UPDATE_ACTIVATE_ENTITY:ApplicantTrigger: System.LimitException: Apex CPU time limit exceeded:--,a0I2u000001XIEOEA4,VTBg0,230-320-1817,ou01a4000iiexa200e@sfdc.co,
,CANNOT_INSERT_UPDATE_ACTIVATE_ENTITY:ApplicantTrigger: System.LimitException: Apex CPU time limit exceeded:--,a0I2u000001XIETEA4,hGB6v,525-961-9056,u0e0ia0020tae1x0i4@sfdc.co,
,CANNOT_INSERT_UPDATE_ACTIVATE_ENTITY:ApplicantTrigger: System.LimitException: Apex CPU time limit exceeded:--,a0I2u000001XIEYEA4,Ve6Er,549-207-6205,2eu0ix0iy0e0a410a0@sfdc.co,
,CANNOT_INSERT_UPDATE_ACTIVATE_ENTITY:ApplicantTrigger: System.LimitException: Apex CPU time limit exceeded:--,a0I2u000001XIEdEAO,,723-572-8013,,
,CANNOT_INSERT_UPDATE_ACTIVATE_ENTITY:ApplicantTrigger: System.LimitException: Apex CPU time limit exceeded:--,a0I2u000001XIEeEAO,,854-761-6267,,
,CANNOT_INSERT_UPDATE_ACTIVATE_ENTITY:ApplicantTrigger: System.LimitException: Apex CPU time limit exceeded:--,a0I2u000001XIEiEAO,,487-746-9535,,
,CANNOT_INSERT_UPDATE_ACTIVATE_ENTITY:ApplicantTrigger: System.LimitException: Apex CPU time limit exceeded:--,a0I2u000001XIEjEAO,,946-828-9721,,
,CANNOT_INSERT_UPDATE_ACTIVATE_ENTITY:ApplicantTrigger: System.LimitException: Apex CPU time limit exceeded:--,a0I2u000001XIEnEAO,,630-971-2066,aei00nae100002uoix@sfdc.co,
,CANNOT_INSERT_UPDATE_ACTIVATE_ENTITY:ApplicantTrigger: System.LimitException: Apex CPU time limit exceeded:--,a0I2u000001XIEsEAO,,782-630-2204,00usi0e02iaxo00ea1@sfdc.co,
,CANNOT_INSERT_UPDATE_ACTIVATE_ENTITY:ApplicantTrigger: System.LimitException: Apex CPU time limit exceeded:--,a0I2u000001XIExEAO,IZmUf,373-559-5632,00eo00xaexaui01i20@sfdc.co,
,CANNOT_INSERT_UPDATE_ACTIVATE_ENTITY:ApplicantTrigger: System.LimitException: Apex CPU time limit exceeded:--,a0I2u000001XIF2EAO,,346-790-8867,,
,CANNOT_INSERT_UPDATE_ACTIVATE_ENTITY:ApplicantTrigger: System.LimitException: Apex CPU time limit exceeded:--,a0I2u000001XIF3EAO,,511-876-3113,,
,CANNOT_INSERT_UPDATE_ACTIVATE_ENTITY:ApplicantTrigger: System.LimitException: Apex CPU time limit exceeded:--,a0I2u000001XIF7EAO,t3S6e,569-926-6629,0fux000eo0a10aii27@sfdc.co,
,CANNOT_INSERT_UPDATE_ACTIVATE_ENTITY:ApplicantTrigger: System.LimitException: Apex CPU time limit exceeded:--,a0I2u000001XIFCEA4,Q4XYc,880-946-3500,14ifuixc0e00a00a20@sfdc.co,
,CANNOT_INSERT_UPDATE_ACTIVATE_ENTITY:ApplicantTrigger: System.LimitException: Apex CPU time limit exceeded:--,a0I2u000001XIFHEA4,,793-818-3128,10hu40ea0i00ix2a0f@sfdc.co,
,CANNOT_INSERT_UPDATE_ACTIVATE_ENTITY:ApplicantTrigger: System.LimitException: Apex CPU time limit exceeded:--,a0I2u000001XIFMEA4,,716-514-9205,a0aii40m201f00xeu0@sfdc.co,
,CANNOT_INSERT_UPDATE_ACTIVATE_ENTITY:ApplicantTrigger: System.LimitException: Apex CPU time limit exceeded:--,a0I2u000001XIFWEA4,EcGus,472-849-5731,0axi10ew020iuaf040@sfdc.co,
,CANNOT_INSERT_UPDATE_ACTIVATE_ENTITY:ApplicantTrigger: System.LimitException: Apex CPU time limit exceeded:--,a0I2u000001XIFgEAO,mrFSa,590-855-5363,iauie0fxa010go0200@sfdc.co,
,CANNOT_INSERT_UPDATE_ACTIVATE_ENTITY:ApplicantTrigger: System.LimitException: Apex CPU time limit exceeded:--,a0I2u000001XIFlEAO,en0a7,137-174-2912,,
,CANNOT_INSERT_UPDATE_ACTIVATE_ENTITY:ApplicantTrigger: System.LimitException: Apex CPU time limit exceeded:--,a0I2u000001XIFqEAO,hSMmT,367-981-2012,,
,CANNOT_INSERT_UPDATE_ACTIVATE_ENTITY:ApplicantTrigger: System.LimitException: Apex CPU time limit exceeded:--,a0I2u000001XIFvEAO,,778-206-7365,,
,CANNOT_INSERT_UPDATE_ACTIVATE_ENTITY:ApplicantTrigger: System.LimitException: Apex CPU time limit exceeded:--,a0I2u000001XIFwEAO,,223-701-7105,,
,CANNOT_INSERT_UPDATE_ACTIVATE_ENTITY:ApplicantTrigger: System.LimitException: Apex CPU time limit exceeded:--,a0I2u000001XIG0EAO,,410-942-8744,0x0e2a0gi0i000ou1a@sfdc.co,
,CANNOT_INSERT_UPDATE_ACTIVATE_ENTITY:ApplicantTrigger: System.LimitException: Apex CPU time limit exceeded:--,a0I2u000001XIG5EAO,,602-749-6765,u0xa2a00oe00ii5g10@sfdc.co,
,CANNOT_INSERT_UPDATE_ACTIVATE_ENTITY:ApplicantTrigger: System.LimitException: Apex CPU time limit exceeded:--,a0I2u000001XIGAEA4,17hdW,187-565-7777,,
,CANNOT_INSERT_UPDATE_ACTIVATE_ENTITY:ApplicantTrigger: System.LimitException: Apex CPU time limit exceeded:--,a0I2u000001XIGFEA4,,627-550-8586,,
,CANNOT_INSERT_UPDATE_ACTIVATE_ENTITY:ApplicantTrigger: System.LimitException: Apex CPU time limit exceeded:--,a0I2u000001XIGGEA4,,205-696-1541,a21ixa00000gu0i4ge@sfdc.co,
,CANNOT_INSERT_UPDATE_ACTIVATE_ENTITY:ApplicantTrigger: System.LimitException: Apex CPU time limit exceeded:--,a0I2u000001XIGHEA4,,354-529-2700,,
,CANNOT_INSERT_UPDATE_ACTIVATE_ENTITY:ApplicantTrigger: System.LimitException: Apex CPU time limit exceeded:--,a0I2u000001XIGIEA4,,889-570-4170,,
,CANNOT_INSERT_UPDATE_ACTIVATE_ENTITY:ApplicantTrigger: System.LimitException: Apex CPU time limit exceeded:--,a0I2u000001XIGJEA4,,953-364-2381,,
,CANNOT_INSERT_UPDATE_ACTIVATE_ENTITY:ApplicantTrigger: System.LimitException: Apex CPU time limit exceeded:--,a0I2u000001XIGKEA4,,660-712-9194,iu10ge00xa0i204ka0@sfdc.co,
,CANNOT_INSERT_UPDATE_ACTIVATE_ENTITY:ApplicantTrigger: System.LimitException: Apex CPU time limit exceeded:--,a0I2u000001XIGLEA4,,782-668-1590,,
,CANNOT_INSERT_UPDATE_ACTIVATE_ENTITY:ApplicantTrigger: System.LimitException: Apex CPU time limit exceeded:--,a0I2u000001XIGMEA4,,149-293-5255,,
,CANNOT_INSERT_UPDATE_ACTIVATE_ENTITY:ApplicantTrigger: System.LimitException: Apex CPU time limit exceeded:--,a0I2u000001XIGNEA4,,331-563-3771,,
,CANNOT_INSERT_UPDATE_ACTIVATE_ENTITY:ApplicantTrigger: System.LimitException: Apex CPU time limit exceeded:--,a0I2u000001XIGOEA4,,289-714-9184,,
,CANNOT_INSERT_UPDATE_ACTIVATE_ENTITY:ApplicantTrigger: System.LimitException: Apex CPU time limit exceeded:--,a0I2u000001XIGQEA4,RgYzx,545-604-4752,0iia04ea2qgu00x100@sfdc.co,
,CANNOT_INSERT_UPDATE_ACTIVATE_ENTITY:ApplicantTrigger: System.LimitException: Apex CPU time limit exceeded:--,a0I2u000001XIGVEA4,qZwBK,131-240-2149,,
,CANNOT_INSERT_UPDATE_ACTIVATE_ENTITY:ApplicantTrigger: System.LimitException: Apex CPU time limit exceeded:--,a0I2u000001XIGaEAO,,148-794-1314,,
,CANNOT_INSERT_UPDATE_ACTIVATE_ENTITY:ApplicantTrigger: System.LimitException: Apex CPU time limit exceeded:--,a0I2u000001XIGbEAO,,233-930-5777,,
,CANNOT_INSERT_UPDATE_ACTIVATE_ENTITY:ApplicantTrigger: System.LimitException: Apex CPU time limit exceeded:--,a0I2u000001XIGcEAO,,689-364-7708,,
,CANNOT_INSERT_UPDATE_ACTIVATE_ENTITY:ApplicantTrigger: System.LimitException: Apex CPU time limit exceeded:--,a0I2u000001XIGfEAO,,925-472-6396,,
,CANNOT_INSERT_UPDATE_ACTIVATE_ENTITY:ApplicantTrigger: System.LimitException: Apex CPU time limit exceeded:--,a0I2u000001XIGgEAO,,676-490-7713,,
,CANNOT_INSERT_UPDATE_ACTIVATE_ENTITY:ApplicantTrigger: System.LimitException: Apex CPU time limit exceeded:--,a0I2u000001XIGkEAO,,118-485-2361,,
,CANNOT_INSERT_UPDATE_ACTIVATE_ENTITY:ApplicantTrigger: System.LimitException: Apex CPU time limit exceeded:--,a0I2u000001XIGlEAO,,498-656-4337,,
,CANNOT_INSERT_UPDATE_ACTIVATE_ENTITY:ApplicantTrigger: System.LimitException: Apex CPU time limit exceeded:--,a0I2u000001XIGmEAO,,617-908-3932,,
,CANNOT_INSERT_UPDATE_ACTIVATE_ENTITY:ApplicantTrigger: System.LimitException: Apex CPU time limit exceeded:--,a0I2u000001XIGnEAO,,451-157-9968,,
,CANNOT_INSERT_UPDATE_ACTIVATE_ENTITY:ApplicantTrigger: System.LimitException: Apex CPU time limit exceeded:--,a0I2u000001XIGpEAO,bB064,370-845-6537,oe00u0aga2ip0x1i00@sfdc.co,
,CANNOT_INSERT_UPDATE_ACTIVATE_ENTITY:ApplicantTrigger: System.LimitException: Apex CPU time limit exceeded:--,a0I2u000001XIGuEAO,azpoF,536-886-4805,0ua02u01e0i0oxgi0a@sfdc.co,
,CANNOT_INSERT_UPDATE_ACTIVATE_ENTITY:ApplicantTrigger: System.LimitException: Apex CPU time limit exceeded:--,a0I2u000001XIGzEAO,Tj36Q,195-166-7076,0ouag01xz000a20iei@sfdc.co,
,CANNOT_INSERT_UPDATE_ACTIVATE_ENTITY:ApplicantTrigger: System.LimitException: Apex CPU time limit exceeded:--,a0I2u000001XIH4EAO,,534-342-7428,,
,CANNOT_INSERT_UPDATE_ACTIVATE_ENTITY:ApplicantTrigger: System.LimitException: Apex CPU time limit exceeded:--,a0I2u000001XIH5EAO,,993-406-2623,,
,CANNOT_INSERT_UPDATE_ACTIVATE_ENTITY:ApplicantTrigger: System.LimitException: Apex CPU time limit exceeded:--,a0I2u000001XIH9EAO,bBd4W,584-414-9788,,
,CANNOT_INSERT_UPDATE_ACTIVATE_ENTITY:ApplicantTrigger: System.LimitException: Apex CPU time limit exceeded:--,a0I2u000001XIHJEA4,yBY5j,249-301-4795,00a201ijua00hie4x0@sfdc.co,
,CANNOT_INSERT_UPDATE_ACTIVATE_ENTITY:ApplicantTrigger: System.LimitException: Apex CPU time limit exceeded:--,a0I2u000001XIHOEA4,,651-227-7491,0i0x04a2ih1ue0a00o@sfdc.co,
,CANNOT_INSERT_UPDATE_ACTIVATE_ENTITY:ApplicantTrigger: System.LimitException: Apex CPU time limit exceeded:--,a0I2u000001XIHTEA4,,781-405-7757,,
,CANNOT_INSERT_UPDATE_ACTIVATE_ENTITY:ApplicantTrigger: System.LimitException: Apex CPU time limit exceeded:--,a0I2u000001XIHUEA4,,434-740-2833,,
,CANNOT_INSERT_UPDATE_ACTIVATE_ENTITY:ApplicantTrigger: System.LimitException: Apex CPU time limit exceeded:--,a0I2u000001XIaEEAW,Z3AMe,399-865-5043,,
,CANNOT_INSERT_UPDATE_ACTIVATE_ENTITY:ApplicantTrigger: System.LimitException: Apex CPU time limit exceeded:--,a0I2u000001XIlUEAW,,680-177-3306,,
,CANNOT_INSERT_UPDATE_ACTIVATE_ENTITY:ApplicantTrigger: System.LimitException: Apex CPU time limit exceeded:--,a0I2u000001XIlZEAW,qHnkZ,546-511-5343,0zaaileiw0xu000201@sfdc.co,
,CANNOT_INSERT_UPDATE_ACTIVATE_ENTITY:ApplicantTrigger: System.LimitException: Apex CPU time limit exceeded:--,a0I2u000001XIljEAG,,767-138-1555,0ilx001j002a0eaugi@sfdc.co,
,CANNOT_INSERT_UPDATE_ACTIVATE_ENTITY:ApplicantTrigger: System.LimitException: Apex CPU time limit exceeded:--,a0I2u000001XIlkEAG,,223-213-6676,,
,CANNOT_INSERT_UPDATE_ACTIVATE_ENTITY:ApplicantTrigger: System.LimitException: Apex CPU time limit exceeded:--,a0I2u000001XIloEAG,dtAnP,892-370-2014,20i00aexu01g00aloi@sfdc.co,
,CANNOT_INSERT_UPDATE_ACTIVATE_ENTITY:ApplicantTrigger: System.LimitException: Apex CPU time limit exceeded:--,a0I2u000001XIltEAG,gtO99,262-862-8483,,
,CANNOT_INSERT_UPDATE_ACTIVATE_ENTITY:ApplicantTrigger: System.LimitException: Apex CPU time limit exceeded:--,a0I2u000001XIlyEAG,,141-764-3934,,
,CANNOT_INSERT_UPDATE_ACTIVATE_ENTITY:ApplicantTrigger: System.LimitException: Apex CPU time limit exceeded:--,a0I2u000001XIlzEAG,,637-401-2085,,
,CANNOT_INSERT_UPDATE_ACTIVATE_ENTITY:ApplicantTrigger: System.LimitException: Apex CPU time limit exceeded:--,a0I2u000001XIm3EAG,5nvJn,305-888-6873,02100gim0aix3ea00u@sfdc.co,
,CANNOT_INSERT_UPDATE_ACTIVATE_ENTITY:ApplicantTrigger: System.LimitException: Apex CPU time limit exceeded:--,a0I2u000001XIm4EAG,bC1pf,614-944-6328,,
,CANNOT_INSERT_UPDATE_ACTIVATE_ENTITY:ApplicantTrigger: System.LimitException: Apex CPU time limit exceeded:--,a0I2u000001XIm8EAG,,646-728-6589,iux0128iema00ga000@sfdc.co,
,CANNOT_INSERT_UPDATE_ACTIVATE_ENTITY:ApplicantTrigger: System.LimitException: Apex CPU time limit exceeded:--,a0I2u000001XImDEAW,,566-112-2549,00e0x2dwmu0a10iai0@sfdc.co,
,CANNOT_INSERT_UPDATE_ACTIVATE_ENTITY:ApplicantTrigger: System.LimitException: Apex CPU time limit exceeded:--,a0I2u000001XImIEAW,WPaCo,868-522-3513,aix0m0a0wi00201eui@sfdc.co,
,CANNOT_INSERT_UPDATE_ACTIVATE_ENTITY:ApplicantTrigger: System.LimitException: Apex CPU time limit exceeded:--,a0I2u000001XImNEAW,,305-158-3860,0a0w2mn00u0eiax01i@sfdc.co,
,CANNOT_INSERT_UPDATE_ACTIVATE_ENTITY:ApplicantTrigger: System.LimitException: Apex CPU time limit exceeded:--,a0I2u000001XImSEAW,A7FMN,702-644-4861,aew2100uxi0sai00m0@sfdc.co,
,CANNOT_INSERT_UPDATE_ACTIVATE_ENTITY:ApplicantTrigger: System.LimitException: Apex CPU time limit exceeded:--,a0I2u000001XImXEAW,,568-912-7334,,
,CANNOT_INSERT_UPDATE_ACTIVATE_ENTITY:ApplicantTrigger: System.LimitException: Apex CPU time limit exceeded:--,a0I2u000001XImcEAG,jH2dZ,700-615-5325,,
,CANNOT_INSERT_UPDATE_ACTIVATE_ENTITY:ApplicantTrigger: System.LimitException: Apex CPU time limit exceeded:--,a0I2u000001XImhEAG,kiMDS,968-402-7296,xeium0a00agh10002i@sfdc.co,
,CANNOT_INSERT_UPDATE_ACTIVATE_ENTITY:ApplicantTrigger: System.LimitException: Apex CPU time limit exceeded:--,a0I2u000001XImiEAG,fU4kZ,121-319-2371,0e20x001u0magaiii0@sfdc.co,
,CANNOT_INSERT_UPDATE_ACTIVATE_ENTITY:ApplicantTrigger: System.LimitException: Apex CPU time limit exceeded:--,a0I2u000001XImmEAG,,134-972-7141,,
,CANNOT_INSERT_UPDATE_ACTIVATE_ENTITY:ApplicantTrigger: System.LimitException: Apex CPU time limit exceeded:--,a0I2u000001XImnEAG,,822-609-7187,,
,CANNOT_INSERT_UPDATE_ACTIVATE_ENTITY:ApplicantTrigger: System.LimitException: Apex CPU time limit exceeded:--,a0I2u000001XImoEAG,,147-194-7549,,
,CANNOT_INSERT_UPDATE_ACTIVATE_ENTITY:ApplicantTrigger: System.LimitException: Apex CPU time limit exceeded:--,a0I2u000001XImpEAG,,204-930-7371,,
,CANNOT_INSERT_UPDATE_ACTIVATE_ENTITY:ApplicantTrigger: System.LimitException: Apex CPU time limit exceeded:--,a0I2u000001XImrEAG,Zd8iY,428-305-2905,ramgu2ix0e1a0000i0@sfdc.co,
,CANNOT_INSERT_UPDATE_ACTIVATE_ENTITY:ApplicantTrigger: System.LimitException: Apex CPU time limit exceeded:--,a0I2u000001XImwEAG,Yicl8,918-289-5509,00mwa0geu0x1i0a20i@sfdc.co,
,CANNOT_INSERT_UPDATE_ACTIVATE_ENTITY:ApplicantTrigger: System.LimitException: Apex CPU time limit exceeded:--,a0I2u000001XIn1EAG,,866-444-8707,,
,CANNOT_INSERT_UPDATE_ACTIVATE_ENTITY:ApplicantTrigger: System.LimitException: Apex CPU time limit exceeded:--,a0I2u000001XIn2EAG,,997-989-8995,,
,CANNOT_INSERT_UPDATE_ACTIVATE_ENTITY:ApplicantTrigger: System.LimitException: Apex CPU time limit exceeded:--,a0I2u000001XIn6EAG,,114-704-3047,0u6g000i0ea1nixa02@sfdc.co,
,CANNOT_INSERT_UPDATE_ACTIVATE_ENTITY:ApplicantTrigger: System.LimitException: Apex CPU time limit exceeded:--,a0I2u000001XIn7EAG,,937-136-6996,01xi70gi20e00naa0u@sfdc.co,
,CANNOT_INSERT_UPDATE_ACTIVATE_ENTITY:ApplicantTrigger: System.LimitException: Apex CPU time limit exceeded:--,a0I2u000001XIn8EAG,,389-626-9897,,
,CANNOT_INSERT_UPDATE_ACTIVATE_ENTITY:ApplicantTrigger: System.LimitException: Apex CPU time limit exceeded:--,a0I2u000001XIn9EAG,,452-812-7633,,
,CANNOT_INSERT_UPDATE_ACTIVATE_ENTITY:ApplicantTrigger: System.LimitException: Apex CPU time limit exceeded:--,a0I2u000001XInBEAW,ed8LX,570-213-3126,x10e0ub2a00i0nawi0@sfdc.co,
,CANNOT_INSERT_UPDATE_ACTIVATE_ENTITY:ApplicantTrigger: System.LimitException: Apex CPU time limit exceeded:--,a0I2u000001XInGEAW,D8wzO,525-502-5016,n010a020wiugi0ea0x@sfdc.co,
,CANNOT_INSERT_UPDATE_ACTIVATE_ENTITY:ApplicantTrigger: System.LimitException: Apex CPU time limit exceeded:--,a0I2u000001XInLEAW,8tmnw,182-182-4130,ixilu020000e1an0aw@sfdc.co,
,CANNOT_INSERT_UPDATE_ACTIVATE_ENTITY:ApplicantTrigger: System.LimitException: Apex CPU time limit exceeded:--,a0I2u000001XInQEAW,lRD01,730-902-3269,,
,CANNOT_INSERT_UPDATE_ACTIVATE_ENTITY:ApplicantTrigger: System.LimitException: Apex CPU time limit exceeded:--,a0I2u000001XInVEAW,lfexZ,376-755-9600,100e0wuai000xv2ain@sfdc.co,
,CANNOT_INSERT_UPDATE_ACTIVATE_ENTITY:ApplicantTrigger: System.LimitException: Apex CPU time limit exceeded:--,a0I2u000001XInaEAG,,780-768-1061,,
,CANNOT_INSERT_UPDATE_ACTIVATE_ENTITY:ApplicantTrigger: System.LimitException: Apex CPU time limit exceeded:--,a0I2u000001XInbEAG,,773-676-7037,,
,CANNOT_INSERT_UPDATE_ACTIVATE_ENTITY:ApplicantTrigger: System.LimitException: Apex CPU time limit exceeded:--,a0I2u000001XIncEAG,,857-806-5836,nx01g20e0ii00au0ca@sfdc.co,
,CANNOT_INSERT_UPDATE_ACTIVATE_ENTITY:ApplicantTrigger: System.LimitException: Apex CPU time limit exceeded:--,a0I2u000001XInfEAG,lA40v,191-422-6473,1ifne0x0ig0a0020ua@sfdc.co,
,CANNOT_INSERT_UPDATE_ACTIVATE_ENTITY:ApplicantTrigger: System.LimitException: Apex CPU time limit exceeded:--,a0I2u000001XInpEAG,ksCJe,780-386-2981,,
,CANNOT_INSERT_UPDATE_ACTIVATE_ENTITY:ApplicantTrigger: System.LimitException: Apex CPU time limit exceeded:--,a0I2u000001XInuEAG,,890-452-2351,,
,CANNOT_INSERT_UPDATE_ACTIVATE_ENTITY:ApplicantTrigger: System.LimitException: Apex CPU time limit exceeded:--,a0I2u000001XInvEAG,,777-904-7597,,
,CANNOT_INSERT_UPDATE_ACTIVATE_ENTITY:ApplicantTrigger: System.LimitException: Apex CPU time limit exceeded:--,a0I2u000001XInzEAG,,686-966-7645,0ei0i0guz0a0n01a2x@sfdc.co,
,CANNOT_INSERT_UPDATE_ACTIVATE_ENTITY:ApplicantTrigger: System.LimitException: Apex CPU time limit exceeded:--,a0I2u000001XIo4EAG,,131-594-7886,,
,CANNOT_INSERT_UPDATE_ACTIVATE_ENTITY:ApplicantTrigger: System.LimitException: Apex CPU time limit exceeded:--,a0I2u000001XIo5EAG,,406-221-8147,,
,CANNOT_INSERT_UPDATE_ACTIVATE_ENTITY:ApplicantTrigger: System.LimitException: Apex CPU time limit exceeded:--,a0I2u000001XIo9EAG,,274-228-6060,a0a921ue0o0iixg000@sfdc.co,
,CANNOT_INSERT_UPDATE_ACTIVATE_ENTITY:ApplicantTrigger: System.LimitException: Apex CPU time limit exceeded:--,a0I2u000001XIoEEAW,,804-946-4219,i000w0ea20o0e1iuxa@sfdc.co,
,CANNOT_INSERT_UPDATE_ACTIVATE_ENTITY:ApplicantTrigger: System.LimitException: Apex CPU time limit exceeded:--,a0I2u000001XIoJEAW,N9I7k,296-735-6446,wo0a2ex10auj0i000i@sfdc.co,
,CANNOT_INSERT_UPDATE_ACTIVATE_ENTITY:ApplicantTrigger: System.LimitException: Apex CPU time limit exceeded:--,a0I2u000001XIoOEAW,,586-756-1641,0100aeiwu0oi20ao0x@sfdc.co,
,CANNOT_INSERT_UPDATE_ACTIVATE_ENTITY:ApplicantTrigger: System.LimitException: Apex CPU time limit exceeded:--,a0I2u000001XIoTEAW,dzEnX,201-438-2283,,
,CANNOT_INSERT_UPDATE_ACTIVATE_ENTITY:ApplicantTrigger: System.LimitException: Apex CPU time limit exceeded:--,a0I2u000001XIoYEAW,4dZKH,258-130-6993,,
,CANNOT_INSERT_UPDATE_ACTIVATE_ENTITY:ApplicantTrigger: System.LimitException: Apex CPU time limit exceeded:--,a0I2u000001XIodEAG,,161-156-3050,,
,CANNOT_INSERT_UPDATE_ACTIVATE_ENTITY:ApplicantTrigger: System.LimitException: Apex CPU time limit exceeded:--,a0I2u000001XIoeEAG,,269-739-8985,,
,CANNOT_INSERT_UPDATE_ACTIVATE_ENTITY:ApplicantTrigger: System.LimitException: Apex CPU time limit exceeded:--,a0I2u000001XIoiEAG,,696-854-6899,ixo20010uiaa000egi@sfdc.co,
,CANNOT_INSERT_UPDATE_ACTIVATE_ENTITY:ApplicantTrigger: System.LimitException: Apex CPU time limit exceeded:--,a0I2u000001XIonEAG,,141-887-5962,,
,CANNOT_INSERT_UPDATE_ACTIVATE_ENTITY:ApplicantTrigger: System.LimitException: Apex CPU time limit exceeded:--,a0I2u000001XIosEAG,uf0Su,812-584-3343,es0u0i0a0gxoi0012a@sfdc.co,
,CANNOT_INSERT_UPDATE_ACTIVATE_ENTITY:ApplicantTrigger: System.LimitException: Apex CPU time limit exceeded:--,a0I2u000001XIp2EAG,,251-545-4732,1xg00a20ue0a0i2pi0@sfdc.co,
,CANNOT_INSERT_UPDATE_ACTIVATE_ENTITY:ApplicantTrigger: System.LimitException: Apex CPU time limit exceeded:--,a0I2u000001XIp3EAG,,212-720-3573,10ua0ixga2i03000pe@sfdc.co,
,CANNOT_INSERT_UPDATE_ACTIVATE_ENTITY:ApplicantTrigger: System.LimitException: Apex CPU time limit exceeded:--,a0I2u000001XIp7EAG,,543-214-3296,,
,CANNOT_INSERT_UPDATE_ACTIVATE_ENTITY:ApplicantTrigger: System.LimitException: Apex CPU time limit exceeded:--,a0I2u000001XIp8EAG,,819-187-8641,,
,CANNOT_INSERT_UPDATE_ACTIVATE_ENTITY:ApplicantTrigger: System.LimitException: Apex CPU time limit exceeded:--,a0I2u000001XIpCEAW,JiDsQ,625-803-8940,1x20w0au0pa0i0e0ic@sfdc.co,
,CANNOT_INSERT_UPDATE_ACTIVATE_ENTITY:ApplicantTrigger: System.LimitException: Apex CPU time limit exceeded:--,a0I2u000001XIpHEAW,,327-577-6875,,
,CANNOT_INSERT_UPDATE_ACTIVATE_ENTITY:ApplicantTrigger: System.LimitException: Apex CPU time limit exceeded:--,a0I2u000001XIpMEAW,4nExD,707-498-9625,w2000aa0e0i1mx0upi@sfdc.co,
,CANNOT_INSERT_UPDATE_ACTIVATE_ENTITY:ApplicantTrigger: System.LimitException: Apex CPU time limit exceeded:--,a0I2u000001XIpREAW,SAokh,527-578-1785,,
,CANNOT_INSERT_UPDATE_ACTIVATE_ENTITY:ApplicantTrigger: System.LimitException: Apex CPU time limit exceeded:--,a0I2u000001XIpWEAW,,971-547-9786,,
,CANNOT_INSERT_UPDATE_ACTIVATE_ENTITY:ApplicantTrigger: System.LimitException: Apex CPU time limit exceeded:--,a0I2u000001XIpXEAW,,493-870-5539,,
,CANNOT_INSERT_UPDATE_ACTIVATE_ENTITY:ApplicantTrigger: System.LimitException: Apex CPU time limit exceeded:--,a0I2u000001XIpYEAW,,259-909-3976,,
,CANNOT_INSERT_UPDATE_ACTIVATE_ENTITY:ApplicantTrigger: System.LimitException: Apex CPU time limit exceeded:--,a0I2u000001XIpbEAG,,546-212-6405,,
,CANNOT_INSERT_UPDATE_ACTIVATE_ENTITY:ApplicantTrigger: System.LimitException: Apex CPU time limit exceeded:--,a0I2u000001XIpcEAG,,922-461-2433,,
,CANNOT_INSERT_UPDATE_ACTIVATE_ENTITY:ApplicantTrigger: System.LimitException: Apex CPU time limit exceeded:--,a0I2u000001XIpgEAG,,803-515-3151,,
,CANNOT_INSERT_UPDATE_ACTIVATE_ENTITY:ApplicantTrigger: System.LimitException: Apex CPU time limit exceeded:--,a0I2u000001XIphEAG,,459-787-1327,,
,CANNOT_INSERT_UPDATE_ACTIVATE_ENTITY:ApplicantTrigger: System.LimitException: Apex CPU time limit exceeded:--,a0I2u000001XIpiEAG,,563-135-2984,,
,CANNOT_INSERT_UPDATE_ACTIVATE_ENTITY:ApplicantTrigger: System.LimitException: Apex CPU time limit exceeded:--,a0I2u000001XIplEAG,oMlQb,652-755-3440,,
,CANNOT_INSERT_UPDATE_ACTIVATE_ENTITY:ApplicantTrigger: System.LimitException: Apex CPU time limit exceeded:--,a0I2u000001XIpqEAG,BN1eZ,560-198-1782,,
,CANNOT_INSERT_UPDATE_ACTIVATE_ENTITY:ApplicantTrigger: System.LimitException: Apex CPU time limit exceeded:--,a0I2u000001XIpvEAG,,611-137-4232,,
,CANNOT_INSERT_UPDATE_ACTIVATE_ENTITY:ApplicantTrigger: System.LimitException: Apex CPU time limit exceeded:--,a0I2u000001XIpwEAG,,271-455-7062,,
,CANNOT_INSERT_UPDATE_ACTIVATE_ENTITY:ApplicantTrigger: System.LimitException: Apex CPU time limit exceeded:--,a0I2u000001XIq0EAG,zA37t,512-288-7353,,
,CANNOT_INSERT_UPDATE_ACTIVATE_ENTITY:ApplicantTrigger: System.LimitException: Apex CPU time limit exceeded:--,a0I2u000001XIq5EAG,,497-127-1588,0gaie00u501i200qxa@sfdc.co,
,CANNOT_INSERT_UPDATE_ACTIVATE_ENTITY:ApplicantTrigger: System.LimitException: Apex CPU time limit exceeded:--,a0I2u000001XIqAEAW,4bqu4,629-490-2030,e0ia102x00iqaw0u0a@sfdc.co,
,CANNOT_INSERT_UPDATE_ACTIVATE_ENTITY:ApplicantTrigger: System.LimitException: Apex CPU time limit exceeded:--,a0I2u000001XIqFEAW,Dx8X8,749-301-5342,,
,CANNOT_INSERT_UPDATE_ACTIVATE_ENTITY:ApplicantTrigger: System.LimitException: Apex CPU time limit exceeded:--,a0I2u000001XIqKEAW,,248-951-5843,,
,CANNOT_INSERT_UPDATE_ACTIVATE_ENTITY:ApplicantTrigger: System.LimitException: Apex CPU time limit exceeded:--,a0I2u000001XIqLEAW,,802-470-4886,,
,CANNOT_INSERT_UPDATE_ACTIVATE_ENTITY:ApplicantTrigger: System.LimitException: Apex CPU time limit exceeded:--,a0I2u000001XIqMEAW,,422-985-4529,,
,CANNOT_INSERT_UPDATE_ACTIVATE_ENTITY:ApplicantTrigger: System.LimitException: Apex CPU time limit exceeded:--,a0I2u000001XIqNEAW,,837-442-1617,2n0xqi00ua0eia01w0@sfdc.co,
,CANNOT_INSERT_UPDATE_ACTIVATE_ENTITY:ApplicantTrigger: System.LimitException: Apex CPU time limit exceeded:--,a0I2u000001XIqOEAW,,350-184-6209,,
,CANNOT_INSERT_UPDATE_ACTIVATE_ENTITY:ApplicantTrigger: System.LimitException: Apex CPU time limit exceeded:--,a0I2u000001XIqPEAW,,241-822-2244,1aia2ew0ux00p0i0q0@sfdc.co,
,CANNOT_INSERT_UPDATE_ACTIVATE_ENTITY:ApplicantTrigger: System.LimitException: Apex CPU time limit exceeded:--,a0I2u000001XIqQEAW,,998-440-5664,i100wau0i2e00qaqx0@sfdc.co,
,CANNOT_INSERT_UPDATE_ACTIVATE_ENTITY:ApplicantTrigger: System.LimitException: Apex CPU time limit exceeded:--,a0I2u000001XIqREAW,,427-445-3857,0ar0xq0uaiw00i102e@sfdc.co,
,CANNOT_INSERT_UPDATE_ACTIVATE_ENTITY:ApplicantTrigger: System.LimitException: Apex CPU time limit exceeded:--,a0I2u000001XIqVEAW,rbCYi,630-648-2369,0w0e2ax10iav00ui0q@sfdc.co,
,CANNOT_INSERT_UPDATE_ACTIVATE_ENTITY:ApplicantTrigger: System.LimitException: Apex CPU time limit exceeded:--,a0I2u000001XIqaEAG,TTjqf,182-974-3500,,
,CANNOT_INSERT_UPDATE_ACTIVATE_ENTITY:ApplicantTrigger: System.LimitException: Apex CPU time limit exceeded:--,a0I2u000001XIqfEAG,qDUfE,429-669-7908,,
,CANNOT_INSERT_UPDATE_ACTIVATE_ENTITY:ApplicantTrigger: System.LimitException: Apex CPU time limit exceeded:--,a0I2u000001XIqgEAG,,701-672-7028,,
,CANNOT_INSERT_UPDATE_ACTIVATE_ENTITY:ApplicantTrigger: System.LimitException: Apex CPU time limit exceeded:--,a0I2u000001XIqkEAG,,259-897-7446,,
,CANNOT_INSERT_UPDATE_ACTIVATE_ENTITY:ApplicantTrigger: System.LimitException: Apex CPU time limit exceeded:--,a0I2u000001XIqlEAG,,366-476-5163,,
,CANNOT_INSERT_UPDATE_ACTIVATE_ENTITY:ApplicantTrigger: System.LimitException: Apex CPU time limit exceeded:--,a0I2u000001XIqpEAG,,835-156-2777,p0g2010iqaxeua0i00@sfdc.co,
,CANNOT_INSERT_UPDATE_ACTIVATE_ENTITY:ApplicantTrigger: System.LimitException: Apex CPU time limit exceeded:--,a0I2u000001XIquEAG,3H4qS,438-498-2411,a10ga0e02ui0qx00iu@sfdc.co,
,CANNOT_INSERT_UPDATE_ACTIVATE_ENTITY:ApplicantTrigger: System.LimitException: Apex CPU time limit exceeded:--,a0I2u000001XIqzEAG,vQFm0,103-788-7361,az0agi0eiu021x00q0@sfdc.co,
,CANNOT_INSERT_UPDATE_ACTIVATE_ENTITY:ApplicantTrigger: System.LimitException: Apex CPU time limit exceeded:--,a0I2u000001XIr4EAG,Pk8FB,127-344-6542,0ax000eugri0i14a02@sfdc.co,
,CANNOT_INSERT_UPDATE_ACTIVATE_ENTITY:ApplicantTrigger: System.LimitException: Apex CPU time limit exceeded:--,a0I2u000001XIr9EAG,72wQr,885-267-6452,0gar0e91020aui0i0x@sfdc.co,
,CANNOT_INSERT_UPDATE_ACTIVATE_ENTITY:ApplicantTrigger: System.LimitException: Apex CPU time limit exceeded:--,a0I2u000001XIrEEAW,,234-594-3125,,
,CANNOT_INSERT_UPDATE_ACTIVATE_ENTITY:ApplicantTrigger: System.LimitException: Apex CPU time limit exceeded:--,a0I2u000001XIrFEAW,,862-417-7779,,
,CANNOT_INSERT_UPDATE_ACTIVATE_ENTITY:ApplicantTrigger: System.LimitException: Apex CPU time limit exceeded:--,a0I2u000001XIrKEAW,,723-695-6078,ixr0k0000wiu1a0a2e@sfdc.co,
,CANNOT_INSERT_UPDATE_ACTIVATE_ENTITY:ApplicantTrigger: System.LimitException: Apex CPU time limit exceeded:--,a0I2u000001XIrOEAW,,609-705-4204,0wi0i21a0o00axr0ue@sfdc.co,
,CANNOT_INSERT_UPDATE_ACTIVATE_ENTITY:ApplicantTrigger: System.LimitException: Apex CPU time limit exceeded:--,a0I2u000001XIrnEAG,,913-964-6007,,
,CANNOT_INSERT_UPDATE_ACTIVATE_ENTITY:ApplicantTrigger: System.LimitException: Apex CPU time limit exceeded:--,a0I2u000001XIroEAG,,870-846-5468,,
,CANNOT_INSERT_UPDATE_ACTIVATE_ENTITY:ApplicantTrigger: System.LimitException: Apex CPU time limit exceeded:--,a0I2u000001XIrpEAG,,704-499-4340,,